id;nome;login;email;cpf;created_at;updated_at;deleted_at
1;chatter along favorable;gee vague among;Leslie10@hotmail.com;entity;2024-05-29T14:17:03;2024-05-29T13:08:03;2024-05-28T19:14:30
2;awe righteously harsh;inasmuch pfft;Jefferey.Pacocha@gmail.com;going bogus;2024-05-29T00:22:54;2024-05-28T22:57:02;2024-05-29T08:32:16
3;caboose pad at;omega;Corine56@hotmail.com;since;2024-05-28T16:31:55;2024-05-28T17:16:46;2024-05-29T10:03:46
4;bunt;supposing profit;Brook_Gutkowski@hotmail.com;unlike printer inasmuch;2024-05-28T19:34:31;2024-05-28T20:12:42;2024-05-29T05:41:12
5;hold;gracefully;Edward63@yahoo.com;among blah;2024-05-28T14:43:53;2024-05-28T23:19:27;2024-05-28T16:39:47
6;suddenly;besides diplomacy;Marietta.Langworth17@hotmail.com;often;2024-05-29T09:27:51;2024-05-29T08:55:41;2024-05-29T04:41:54
7;geez whoa;gaseous consequently under;Gordon63@hotmail.com;snooze;2024-05-28T18:56:07;2024-05-29T02:06:44;2024-05-29T04:15:11
8;um whose;inquisitively;Retha.Bailey@yahoo.com;quaint concerning sternly;2024-05-29T02:58:31;2024-05-28T15:24:22;2024-05-29T03:45:46
9;positively;brisk beware accomplishment;Fermin.Boyer@yahoo.com;blah;2024-05-28T16:51:21;2024-05-29T13:28:03;2024-05-28T19:04:14
10;aw;arrange velvety;Joshua.Schneider@gmail.com;tepid drat mysterious;2024-05-29T11:00:49;2024-05-29T06:25:50;2024-05-28T16:22:20
